/*
 Navicat MySQL Data Transfer

 Source Server         : localhost
 Source Server Type    : MySQL
 Source Server Version : 50724
 Source Host           : localhost:3306
 Source Schema         : security

 Target Server Type    : MySQL
 Target Server Version : 50724
 File Encoding         : 65001

 Date: 14/02/2019 16:12:11
*/

SET NAMES utf8mb4;
SET FOREIGN_KEY_CHECKS = 0;

-- ----------------------------
-- Table structure for sys_permission
-- ----------------------------
DROP TABLE IF EXISTS `sys_permission`;
CREATE TABLE `sys_permission`  (
  `id` int(11) NOT NULL AUTO_INCREMENT,
  `parentId` int(11) NOT NULL,
  `name` varchar(50) CHARACTER SET utf8mb4 COLLATE utf8mb4_general_ci NOT NULL,
  `css` varchar(30) CHARACTER SET utf8mb4 COLLATE utf8mb4_general_ci NULL DEFAULT NULL,
  `href` varchar(1000) CHARACTER SET utf8mb4 COLLATE utf8mb4_general_ci NULL DEFAULT NULL,
  `type` tinyint(1) NOT NULL,
  `permission` varchar(50) CHARACTER SET utf8mb4 COLLATE utf8mb4_general_ci NULL DEFAULT NULL,
  `sort` int(11) NOT NULL,
  PRIMARY KEY (`id`) USING BTREE
) ENGINE = InnoDB AUTO_INCREMENT = 41 CHARACTER SET = utf8mb4 COLLATE = utf8mb4_general_ci ROW_FORMAT = Dynamic;

-- ----------------------------
-- Records of sys_permission
-- ----------------------------
INSERT INTO `sys_permission` VALUES (1, 0, '用户管理', 'fa-users', '', 1, '', 1);
INSERT INTO `sys_permission` VALUES (2, 1, '用户查询', 'fa-user', 'pages/user/userList.html', 1, '', 2);
INSERT INTO `sys_permission` VALUES (3, 2, '查询', '', '', 2, 'sys:user:query', 100);
INSERT INTO `sys_permission` VALUES (4, 2, '新增', '', '', 2, 'sys:user:add', 100);
INSERT INTO `sys_permission` VALUES (6, 0, '修改密码', 'fa-pencil-square-o', 'pages/user/changePassword.html', 1, 'sys:user:password', 4);
INSERT INTO `sys_permission` VALUES (7, 0, '系统设置', 'fa-gears', '', 1, '', 5);
INSERT INTO `sys_permission` VALUES (8, 7, '菜单', 'fa-cog', 'pages/menu/menuList.html', 1, '', 6);
INSERT INTO `sys_permission` VALUES (9, 8, '查询', '', '', 2, 'sys:menu:query', 100);
INSERT INTO `sys_permission` VALUES (10, 8, '新增', '', '', 2, 'sys:menu:add', 100);
INSERT INTO `sys_permission` VALUES (11, 8, '删除', '', '', 2, 'sys:menu:del', 100);
INSERT INTO `sys_permission` VALUES (12, 7, '角色', 'fa-user-secret', 'pages/role/roleList.html', 1, '', 7);
INSERT INTO `sys_permission` VALUES (13, 12, '查询', '', '', 2, 'sys:role:query', 100);
INSERT INTO `sys_permission` VALUES (14, 12, '新增', '', '', 2, 'sys:role:add', 100);
INSERT INTO `sys_permission` VALUES (15, 12, '删除', '', '', 2, 'sys:role:del', 100);
INSERT INTO `sys_permission` VALUES (19, 0, '数据源监控', 'fa-eye', 'druid/index.html', 1, '', 9);
INSERT INTO `sys_permission` VALUES (20, 0, '接口swagger', 'fa-file-pdf-o', 'swagger-ui.html', 1, '', 10);

-- ----------------------------
-- Table structure for sys_role
-- ----------------------------
DROP TABLE IF EXISTS `sys_role`;
CREATE TABLE `sys_role`  (
  `id` int(11) NOT NULL AUTO_INCREMENT,
  `name` varchar(50) CHARACTER SET utf8mb4 COLLATE utf8mb4_general_ci NOT NULL,
  `description` varchar(100) CHARACTER SET utf8mb4 COLLATE utf8mb4_general_ci NULL DEFAULT NULL,
  `createTime` datetime(0) NOT NULL,
  `updateTime` datetime(0) NOT NULL,
  PRIMARY KEY (`id`) USING BTREE,
  UNIQUE INDEX `name`(`name`) USING BTREE
) ENGINE = InnoDB AUTO_INCREMENT = 3 CHARACTER SET = utf8mb4 COLLATE = utf8mb4_general_ci ROW_FORMAT = Dynamic;

-- ----------------------------
-- Records of sys_role
-- ----------------------------
INSERT INTO `sys_role` VALUES (1, 'ADMIN', '???', '2017-05-01 13:25:39', '2019-02-14 16:09:04');
INSERT INTO `sys_role` VALUES (2, 'USER', '', '2017-08-01 21:47:31', '2019-02-14 16:09:44');

-- ----------------------------
-- Table structure for sys_role_permission
-- ----------------------------
DROP TABLE IF EXISTS `sys_role_permission`;
CREATE TABLE `sys_role_permission`  (
  `roleId` int(11) NOT NULL,
  `permissionId` int(11) NOT NULL,
  PRIMARY KEY (`roleId`, `permissionId`) USING BTREE
) ENGINE = InnoDB CHARACTER SET = utf8mb4 COLLATE = utf8mb4_general_ci ROW_FORMAT = Dynamic;

-- ----------------------------
-- Records of sys_role_permission
-- ----------------------------
INSERT INTO `sys_role_permission` VALUES (1, 1);
INSERT INTO `sys_role_permission` VALUES (1, 2);
INSERT INTO `sys_role_permission` VALUES (1, 3);
INSERT INTO `sys_role_permission` VALUES (1, 4);
INSERT INTO `sys_role_permission` VALUES (1, 6);
INSERT INTO `sys_role_permission` VALUES (1, 7);
INSERT INTO `sys_role_permission` VALUES (1, 8);
INSERT INTO `sys_role_permission` VALUES (1, 9);
INSERT INTO `sys_role_permission` VALUES (1, 10);
INSERT INTO `sys_role_permission` VALUES (1, 11);
INSERT INTO `sys_role_permission` VALUES (1, 12);
INSERT INTO `sys_role_permission` VALUES (1, 13);
INSERT INTO `sys_role_permission` VALUES (1, 14);
INSERT INTO `sys_role_permission` VALUES (1, 15);
INSERT INTO `sys_role_permission` VALUES (1, 19);
INSERT INTO `sys_role_permission` VALUES (1, 20);
INSERT INTO `sys_role_permission` VALUES (2, 1);
INSERT INTO `sys_role_permission` VALUES (2, 2);
INSERT INTO `sys_role_permission` VALUES (2, 3);
INSERT INTO `sys_role_permission` VALUES (2, 6);
INSERT INTO `sys_role_permission` VALUES (2, 7);
INSERT INTO `sys_role_permission` VALUES (2, 8);
INSERT INTO `sys_role_permission` VALUES (2, 9);
INSERT INTO `sys_role_permission` VALUES (2, 12);
INSERT INTO `sys_role_permission` VALUES (2, 13);
INSERT INTO `sys_role_permission` VALUES (2, 19);

-- ----------------------------
-- Table structure for sys_role_user
-- ----------------------------
DROP TABLE IF EXISTS `sys_role_user`;
CREATE TABLE `sys_role_user`  (
  `userId` int(11) NOT NULL,
  `roleId` int(11) NOT NULL,
  PRIMARY KEY (`userId`, `roleId`) USING BTREE
) ENGINE = InnoDB CHARACTER SET = utf8mb4 COLLATE = utf8mb4_general_ci ROW_FORMAT = Dynamic;

-- ----------------------------
-- Records of sys_role_user
-- ----------------------------
INSERT INTO `sys_role_user` VALUES (1, 1);
INSERT INTO `sys_role_user` VALUES (2, 2);

-- ----------------------------
-- Table structure for sys_user
-- ----------------------------
DROP TABLE IF EXISTS `sys_user`;
CREATE TABLE `sys_user`  (
  `id` int(11) NOT NULL AUTO_INCREMENT,
  `username` varchar(50) CHARACTER SET utf8mb4 COLLATE utf8mb4_general_ci NOT NULL,
  `password` varchar(60) CHARACTER SET utf8mb4 COLLATE utf8mb4_general_ci NOT NULL,
  `nickname` varchar(255) CHARACTER SET utf8mb4 COLLATE utf8mb4_general_ci NULL DEFAULT NULL,
  `headImgUrl` varchar(255) CHARACTER SET utf8mb4 COLLATE utf8mb4_general_ci NULL DEFAULT NULL,
  `phone` varchar(11) CHARACTER SET utf8mb4 COLLATE utf8mb4_general_ci NULL DEFAULT NULL,
  `telephone` varchar(30) CHARACTER SET utf8mb4 COLLATE utf8mb4_general_ci NULL DEFAULT NULL,
  `email` varchar(50) CHARACTER SET utf8mb4 COLLATE utf8mb4_general_ci NULL DEFAULT NULL,
  `birthday` date NULL DEFAULT NULL,
  `sex` tinyint(1) NULL DEFAULT NULL,
  `status` tinyint(1) NOT NULL DEFAULT 1,
  `createTime` datetime(0) NOT NULL,
  `updateTime` datetime(0) NOT NULL,
  PRIMARY KEY (`id`) USING BTREE,
  UNIQUE INDEX `username`(`username`) USING BTREE
) ENGINE = InnoDB AUTO_INCREMENT = 3 CHARACTER SET = utf8mb4 COLLATE = utf8mb4_general_ci ROW_FORMAT = Dynamic;

-- ----------------------------
-- Records of sys_user
-- ----------------------------
INSERT INTO `sys_user` VALUES (1, 'admin', '$2a$10$iYM/H7TrSaLs7XyIWQdGwe1xf4cdmt3nwMja6RT0wxG5YY1RjN0EK', '管理员', NULL, '', '', '', '1998-07-01', 0, 1, '2017-04-10 15:21:38', '2017-07-06 09:20:19');
INSERT INTO `sys_user` VALUES (2, 'user', '$2a$10$ooGb4wjT7Hg3zgU2RhZp6eVu3jvG29i/U4L6VRwiZZ4.DZ0OOEAHu', '用户', NULL, '', '', '', NULL, 1, 1, '2017-08-01 21:47:18', '2017-08-01 21:47:18');

-- ----------------------------
-- Table structure for t_dict
-- ----------------------------
DROP TABLE IF EXISTS `t_dict`;
CREATE TABLE `t_dict`  (
  `id` int(11) NOT NULL AUTO_INCREMENT,
  `type` varchar(16) CHARACTER SET utf8mb4 COLLATE utf8mb4_general_ci NOT NULL,
  `k` varchar(16) CHARACTER SET utf8mb4 COLLATE utf8mb4_general_ci NOT NULL,
  `val` varchar(64) CHARACTER SET utf8mb4 COLLATE utf8mb4_general_ci NOT NULL,
  `createTime` datetime(0) NOT NULL,
  `updateTime` datetime(0) NOT NULL,
  PRIMARY KEY (`id`) USING BTREE,
  UNIQUE INDEX `type`(`type`, `k`) USING BTREE
) ENGINE = InnoDB AUTO_INCREMENT = 10 CHARACTER SET = utf8mb4 COLLATE = utf8mb4_general_ci ROW_FORMAT = Dynamic;

-- ----------------------------
-- Records of t_dict
-- ----------------------------
INSERT INTO `t_dict` VALUES (1, 'sex', '0', '女', '2017-11-17 09:58:24', '2017-11-18 14:21:05');
INSERT INTO `t_dict` VALUES (2, 'sex', '1', '男', '2017-11-17 10:03:46', '2017-11-17 10:03:46');
INSERT INTO `t_dict` VALUES (3, 'userStatus', '0', '无效', '2017-11-17 16:26:06', '2017-11-17 16:26:09');
INSERT INTO `t_dict` VALUES (4, 'userStatus', '1', '正常', '2017-11-17 16:26:06', '2017-11-17 16:26:09');
INSERT INTO `t_dict` VALUES (5, 'userStatus', '2', '锁定', '2017-11-17 16:26:06', '2017-11-17 16:26:09');

-- ----------------------------
-- Table structure for t_token
-- ----------------------------
DROP TABLE IF EXISTS `t_token`;
CREATE TABLE `t_token`  (
  `id` varchar(36) CHARACTER SET utf8mb4 COLLATE utf8mb4_general_ci NOT NULL COMMENT 'token',
  `val` text CHARACTER SET utf8mb4 COLLATE utf8mb4_general_ci NOT NULL COMMENT 'LoginUser的json串',
  `expireTime` datetime(0) NOT NULL,
  `createTime` datetime(0) NOT NULL,
  `updateTime` datetime(0) NOT NULL,
  PRIMARY KEY (`id`) USING BTREE
) ENGINE = InnoDB CHARACTER SET = utf8mb4 COLLATE = utf8mb4_general_ci ROW_FORMAT = Dynamic;

SET FOREIGN_KEY_CHECKS = 1;
